{
  "tau": 9.31448745727539,
  "n_rows": 20,
  "n_unique_samples": 10,
  "boundary_near_count": 2,
  "precision_summary": {
    "w4a16": {
      "n_samples": 10,
      "boundary_near_count": 2,
      "flip_rate_all": 0.0,
      "flip_rate_boundary_near": 0.0,
      "delta_mean": -0.8657670974731445,
      "delta_mean_boundary_near": 0.21462535858154297,
      "margin_mean": 9.49648904800415
    }
  }
}